datum;weekdag_naam;is_werkdag;maand;auto_reistijd_min;auto_reistijd_p85_min;vertraging_min;drukte_voertuigen;reistijd_index
2025-01-01;woensdag;True;1;6.3;6.3;0.0;705;1.0
2025-01-02;donderdag;True;1;6.4;6.4;0.1;6111;1.014
2025-01-03;vrijdag;True;1;6.4;6.4;0.1;6284;1.017
2025-01-04;zaterdag;False;1;6.3;6.3;0.0;2926;1.001
2025-01-05;zondag;False;1;6.3;6.3;0.0;1325;1.0
2025-01-06;maandag;True;1;6.9;6.9;0.6;9549;1.093
2025-01-07;dinsdag;True;1;6.9;6.9;0.5;9621;1.084
2025-01-08;woensdag;True;1;6.8;6.9;0.5;8646;1.073
2025-01-09;donderdag;True;1;6.6;6.7;0.3;8460;1.05
2025-01-10;vrijdag;True;1;6.8;6.8;0.5;8903;1.071
2025-01-11;zaterdag;False;1;6.3;6.3;0.0;3288;1.001
2025-01-12;zondag;False;1;6.3;6.3;0.0;1734;1.0
2025-01-13;maandag;True;1;6.7;6.7;0.4;8850;1.06
2025-01-14;dinsdag;True;1;6.6;6.6;0.2;7332;1.035
2025-01-15;woensdag;True;1;6.7;6.7;0.3;8394;1.051
2025-01-16;donderdag;True;1;6.6;6.6;0.3;8158;1.043
2025-01-17;vrijdag;True;1;6.8;6.9;0.5;9406;1.077
2025-01-18;zaterdag;False;1;6.4;6.4;0.0;4179;1.003
2025-01-19;zondag;False;1;6.3;6.3;0.0;2053;1.0
2025-01-20;maandag;True;1;5.7;6.5;-0.6;8623;0.9
2025-01-21;dinsdag;True;1;6.8;6.9;0.5;9404;1.079
2025-01-22;woensdag;True;1;6.7;6.9;0.4;8262;1.061
2025-01-23;donderdag;True;1;6.7;6.7;0.4;9055;1.061
2025-01-24;vrijdag;True;1;6.1;6.1;-0.2;7647;0.963
2025-01-25;zaterdag;False;1;5.3;6.0;-1.0;3930;0.837
2025-01-26;zondag;False;1;6.3;6.3;0.0;2216;1.0
2025-01-27;maandag;True;1;6.8;6.8;0.4;9043;1.069
2025-01-28;dinsdag;True;1;5.7;6.4;-0.7;8599;0.897
2025-01-29;woensdag;True;1;7.0;7.0;0.6;9858;1.099
2025-01-30;donderdag;True;1;5.7;6.4;-0.7;7156;0.896
2025-01-31;vrijdag;True;1;6.9;6.9;0.5;9352;1.086
2025-02-01;zaterdag;False;2;6.4;6.4;0.0;4239;1.003
2025-02-02;zondag;False;2;6.3;6.3;0.0;2337;1.0
2025-02-03;maandag;True;2;5.6;6.4;-0.7;6881;0.886
2025-02-04;dinsdag;True;2;6.2;6.5;-0.1;6918;0.981
2025-02-05;woensdag;True;2;6.9;6.9;0.5;9433;1.084
2025-02-06;donderdag;True;2;6.7;6.8;0.4;9107;1.066
2025-02-07;vrijdag;True;2;5.3;6.4;-1.0;8441;0.842
2025-02-08;zaterdag;False;2;6.4;6.4;0.0;4460;1.004
2025-02-09;zondag;False;2;6.0;6.2;-0.3;2074;0.952
2025-02-10;maandag;True;2;6.7;6.8;0.4;9028;1.062
2025-02-11;dinsdag;True;2;6.6;6.7;0.3;7125;1.047
2025-02-12;woensdag;True;2;5.8;6.6;-0.5;8995;0.915
2025-02-13;donderdag;True;2;6.8;6.8;0.5;9408;1.071
2025-02-14;vrijdag;True;2;6.9;7.0;0.6;8542;1.097
2025-02-15;zaterdag;False;2;6.4;6.4;0.0;4333;1.003
2025-02-16;zondag;False;2;6.3;6.3;0.0;2205;1.0
2025-02-17;maandag;True;2;6.8;6.9;0.5;9393;1.075
2025-02-18;dinsdag;True;2;6.7;6.7;0.4;9073;1.057
2025-02-19;woensdag;True;2;6.8;6.9;0.5;9596;1.08
2025-02-20;donderdag;True;2;6.7;6.7;0.3;8840;1.052
2025-02-21;vrijdag;True;2;6.3;6.5;-0.1;5491;0.992
2025-02-22;zaterdag;False;2;6.4;6.4;0.0;4838;1.006
2025-02-23;zondag;False;2;6.3;6.3;0.0;2633;1.001
2025-02-24;maandag;True;2;6.7;6.8;0.4;9090;1.064
2025-02-25;dinsdag;True;2;6.7;6.7;0.4;9212;1.064
2025-02-26;woensdag;True;2;6.7;6.7;0.3;8767;1.053
2025-02-27;donderdag;True;2;6.8;6.8;0.4;9350;1.068
2025-02-28;vrijdag;True;2;6.9;6.9;0.6;9807;1.092
2025-03-01;zaterdag;False;3;5.3;6.0;-1.0;3958;0.836
2025-03-02;zondag;False;3;6.3;6.3;0.0;2240;1.0
2025-03-03;maandag;True;3;6.9;7.0;0.6;8576;1.097
2025-03-04;dinsdag;True;3;4.6;4.6;-1.7;8104;0.733
2025-03-05;woensdag;True;3;6.9;7.0;0.6;9556;1.094
2025-03-06;donderdag;True;3;6.9;6.9;0.6;8438;1.09
2025-03-07;vrijdag;True;3;6.7;6.8;0.4;7770;1.065
2025-03-08;zaterdag;False;3;6.4;6.4;0.0;4747;1.005
2025-03-09;zondag;False;3;6.3;6.3;0.0;2517;1.0
2025-03-10;maandag;True;3;5.7;6.4;-0.7;8689;0.894
2025-03-11;dinsdag;True;3;6.7;6.7;0.4;9199;1.063
2025-03-12;woensdag;True;3;4.6;5.3;-1.7;5041;0.728
2025-03-13;donderdag;True;3;6.7;6.7;0.4;8999;1.058
2025-03-14;vrijdag;True;3;5.8;6.6;-0.5;8807;0.913
2025-03-15;zaterdag;False;3;6.4;6.4;0.0;4822;1.006
2025-03-16;zondag;False;3;6.3;6.3;0.0;2493;1.0
2025-03-17;maandag;True;3;6.7;6.7;0.4;9169;1.061
2025-03-18;dinsdag;True;3;6.7;6.7;0.4;9107;1.061
2025-03-19;woensdag;True;3;5.7;6.4;-0.7;7407;0.894
2025-03-20;donderdag;True;3;5.6;6.4;-0.7;8480;0.89
2025-03-21;vrijdag;True;3;6.9;7.0;0.6;9813;1.097
2025-03-22;zaterdag;False;3;6.4;6.4;0.0;4916;1.006
2025-03-23;zondag;False;3;6.3;6.3;0.0;2537;1.0
2025-03-24;maandag;True;3;5.2;6.3;-1.1;8144;0.824
2025-03-25;dinsdag;True;3;6.7;6.7;0.4;9103;1.06
2025-03-26;woensdag;True;3;6.7;6.7;0.4;9179;1.063
2025-03-27;donderdag;True;3;6.7;6.7;0.3;8973;1.054
2025-03-28;vrijdag;True;3;4.7;4.7;-1.6;8302;0.742
2025-03-29;zaterdag;False;3;6.4;6.4;0.0;4966;1.006
2025-03-30;zondag;False;3;6.3;6.3;0.0;2409;1.0
2025-03-31;maandag;True;3;6.4;6.7;0.1;8489;1.018
2025-04-01;dinsdag;True;4;5.6;6.4;-0.7;8272;0.885
2025-04-02;woensdag;True;4;6.4;6.6;0.1;8406;1.016
2025-04-03;donderdag;True;4;6.7;6.8;0.4;6653;1.061
2025-04-04;vrijdag;True;4;6.9;6.9;0.5;9544;1.083
2025-04-05;zaterdag;False;4;6.4;6.4;0.1;5407;1.01
2025-04-06;zondag;False;4;6.3;6.3;0.0;2948;1.001
2025-04-07;maandag;True;4;6.8;6.8;0.5;9298;1.073
2025-04-08;dinsdag;True;4;4.3;4.5;-2.1;4801;0.674
2025-04-09;woensdag;True;4;6.8;6.9;0.5;7011;1.077
2025-04-10;donderdag;True;4;5.7;6.5;-0.6;7532;0.906
2025-04-11;vrijdag;True;4;6.7;6.7;0.3;8434;1.054
2025-04-12;zaterdag;False;4;6.4;6.4;0.1;5115;1.008
2025-04-13;zondag;False;4;6.3;6.3;0.0;2408;1.0
2025-04-14;maandag;True;4;5.4;6.4;-0.9;8888;0.856
2025-04-15;dinsdag;True;4;5.5;6.3;-0.8;7688;0.872
2025-04-16;woensdag;True;4;6.9;6.9;0.6;9780;1.092
2025-04-17;donderdag;True;4;6.8;6.9;0.5;9173;1.08
2025-04-18;vrijdag;True;4;6.6;6.6;0.3;7983;1.041
2025-04-19;zaterdag;False;4;6.4;6.4;0.0;4571;1.004
2025-04-20;zondag;False;4;6.3;6.3;0.0;2103;1.0
2025-04-21;maandag;True;4;6.3;6.3;0.0;2350;1.0
2025-04-22;dinsdag;True;4;6.7;6.7;0.4;9097;1.057
2025-04-23;woensdag;True;4;6.8;6.8;0.4;9290;1.071
2025-04-24;donderdag;True;4;6.6;6.6;0.3;8597;1.046
2025-04-25;vrijdag;True;4;6.2;6.5;-0.2;7497;0.974
2025-04-26;zaterdag;False;4;6.4;6.4;0.1;5513;1.01
2025-04-27;zondag;False;4;6.3;6.3;0.0;2910;1.001
2025-04-28;maandag;True;4;6.7;6.8;0.4;8955;1.062
2025-04-29;dinsdag;True;4;6.7;6.7;0.4;8958;1.058
2025-04-30;woensdag;True;4;4.6;4.6;-1.8;5405;0.719
2025-05-01;donderdag;True;5;6.4;6.4;0.1;5465;1.01
2025-05-02;vrijdag;True;5;6.5;6.5;0.1;6818;1.021
2025-05-03;zaterdag;False;5;6.4;6.4;0.0;4988;1.006
2025-05-04;zondag;False;5;6.3;6.3;0.0;2914;1.001
2025-05-05;maandag;True;5;6.8;6.8;0.5;9364;1.072
2025-05-06;dinsdag;True;5;5.3;5.8;-1.0;7885;0.84
2025-05-07;woensdag;True;5;6.7;6.7;0.4;6717;1.062
2025-05-08;donderdag;True;5;6.6;6.7;0.3;8729;1.05
2025-05-09;vrijdag;True;5;5.7;6.5;-0.6;8716;0.902
2025-05-10;zaterdag;False;5;6.4;6.4;0.0;5137;1.008
2025-05-11;zondag;False;5;6.3;6.3;0.0;2619;1.0
2025-05-12;maandag;True;5;6.5;6.6;0.2;6812;1.033
2025-05-13;dinsdag;True;5;5.6;6.4;-0.7;8235;0.885
2025-05-14;woensdag;True;5;6.7;6.8;0.4;7747;1.062
2025-05-15;donderdag;True;5;6.7;6.7;0.4;9006;1.059
2025-05-16;vrijdag;True;5;4.6;4.6;-1.7;7896;0.724
2025-05-17;zaterdag;False;5;6.4;6.4;0.1;5179;1.008
2025-05-18;zondag;False;5;6.3;6.3;0.0;2863;1.001
2025-05-19;maandag;True;5;6.7;6.7;0.4;8853;1.057
2025-05-20;dinsdag;True;5;6.7;6.7;0.3;8743;1.053
2025-05-21;woensdag;True;5;6.7;6.8;0.4;9072;1.061
2025-05-22;donderdag;True;5;6.7;6.7;0.3;8789;1.05
2025-05-23;vrijdag;True;5;6.9;6.9;0.5;9547;1.086
2025-05-24;zaterdag;False;5;6.4;6.4;0.0;5109;1.007
2025-05-25;zondag;False;5;6.3;6.3;0.0;2664;1.0
2025-05-26;maandag;True;5;6.7;6.8;0.4;9145;1.065
2025-05-27;dinsdag;True;5;6.7;6.7;0.4;9008;1.058
2025-05-28;woensdag;True;5;4.6;4.6;-1.7;7894;0.724
2025-05-29;donderdag;True;5;6.4;6.4;0.0;4357;1.004
2025-05-30;vrijdag;True;5;6.4;6.4;0.1;5911;1.012
2025-05-31;zaterdag;False;5;6.3;6.3;0.0;4041;1.003
2025-06-01;zondag;False;6;6.3;6.3;0.0;2825;1.001
2025-06-02;maandag;True;6;6.7;6.7;0.4;7696;1.057
2025-06-03;dinsdag;True;6;5.6;6.3;-0.8;8225;0.882
2025-06-04;woensdag;True;6;6.7;6.7;0.4;7664;1.057
2025-06-05;donderdag;True;6;6.7;6.7;0.3;6469;1.054
2025-06-06;vrijdag;True;6;6.8;6.8;0.5;9224;1.073
2025-06-07;zaterdag;False;6;6.4;6.4;0.0;4691;1.005
2025-06-08;zondag;False;6;6.3;6.3;0.0;2328;1.0
2025-06-09;maandag;True;6;6.3;6.3;0.0;2158;1.0
2025-06-10;dinsdag;True;6;5.6;6.4;-0.7;8449;0.886
2025-06-11;woensdag;True;6;5.7;6.5;-0.6;8585;0.899
2025-06-12;donderdag;True;6;5.6;6.4;-0.7;8509;0.888
2025-06-13;vrijdag;True;6;4.9;5.1;-1.4;6622;0.772
2025-06-14;zaterdag;False;6;6.4;6.4;0.0;4970;1.006
2025-06-15;zondag;False;6;6.3;6.3;0.0;2459;1.0
2025-06-16;maandag;True;6;6.6;6.6;0.3;8108;1.041
2025-06-17;dinsdag;True;6;6.6;6.7;0.3;8584;1.049
2025-06-18;woensdag;True;6;5.3;6.3;-1.0;7657;0.835
2025-06-19;donderdag;True;6;6.6;6.7;0.3;8601;1.048
2025-06-20;vrijdag;True;6;5.7;6.5;-0.6;8662;0.902
2025-06-21;zaterdag;False;6;6.4;6.4;0.0;5110;1.007
2025-06-22;zondag;False;6;5.3;6.0;-1.1;2633;0.834
2025-06-23;maandag;True;6;6.7;6.7;0.3;8921;1.054
2025-06-24;dinsdag;True;6;6.6;6.6;0.3;8361;1.045
2025-06-25;woensdag;True;6;6.7;6.7;0.4;9246;1.064
2025-06-26;donderdag;True;6;3.9;4.1;-2.4;218;0.614
2025-06-27;vrijdag;True;6;6.7;6.8;0.4;9008;1.065
2025-06-28;zaterdag;False;6;5.3;6.1;-1.0;4775;0.84
2025-06-29;zondag;False;6;6.3;6.3;0.0;2353;1.0
2025-06-30;maandag;True;6;6.5;6.5;0.1;6732;1.021
2025-07-01;dinsdag;True;7;5.2;5.7;-1.2;6965;0.817
2025-07-02;woensdag;True;7;6.5;6.5;0.2;7847;1.03
2025-07-03;donderdag;True;7;6.7;6.7;0.4;8771;1.055
2025-07-04;vrijdag;True;7;5.4;6.2;-0.9;7033;0.859
2025-07-05;zaterdag;False;7;6.4;6.4;0.0;4136;1.003
2025-07-06;zondag;False;7;6.3;6.3;0.0;1961;1.0
2025-07-07;maandag;True;7;5.4;6.2;-0.9;6849;0.858
2025-07-08;dinsdag;True;7;5.2;6.1;-1.1;7204;0.82
2025-07-09;woensdag;True;7;6.6;6.6;0.2;8222;1.038
2025-07-10;donderdag;True;7;6.5;6.5;0.2;7828;1.032
2025-07-11;vrijdag;True;7;6.4;6.5;0.1;6821;1.018
2025-07-12;zaterdag;False;7;5.3;6.0;-1.0;3900;0.836
2025-07-13;zondag;False;7;6.3;6.3;0.0;2466;1.0
2025-07-14;maandag;True;7;6.7;6.7;0.4;8594;1.056
2025-07-15;dinsdag;True;7;6.9;6.9;0.5;9478;1.082
2025-07-16;woensdag;True;7;6.9;6.9;0.6;9421;1.087
2025-07-17;donderdag;True;7;7.0;7.0;0.6;9728;1.098
2025-07-18;vrijdag;True;7;6.6;6.7;0.3;8157;1.045
2025-07-19;zaterdag;False;7;5.3;6.1;-1.0;4458;0.839
2025-07-20;zondag;False;7;5.3;6.0;-1.1;2554;0.834
2025-07-21;maandag;True;7;6.3;6.3;0.0;3202;1.001
2025-07-22;dinsdag;True;7;6.7;6.7;0.4;8639;1.059
2025-07-23;woensdag;True;7;6.7;6.7;0.4;8593;1.056
2025-07-24;donderdag;True;7;5.3;6.3;-1.0;7262;0.835
2025-07-25;vrijdag;True;7;6.5;6.6;0.2;7585;1.034
2025-07-26;zaterdag;False;7;6.4;6.4;0.0;4457;1.004
2025-07-27;zondag;False;7;6.3;6.3;0.0;2524;1.0
2025-07-28;maandag;True;7;6.7;6.7;0.3;8333;1.051
2025-07-29;dinsdag;True;7;5.6;6.4;-0.7;8269;0.89
2025-07-30;woensdag;True;7;6.7;6.7;0.3;8376;1.05
2025-07-31;donderdag;True;7;6.8;6.8;0.5;9154;1.073
2025-08-01;vrijdag;True;8;6.5;6.6;0.2;7615;1.034
2025-08-02;zaterdag;False;8;6.4;6.4;0.0;3588;1.003
2025-08-03;zondag;False;8;6.3;6.3;0.0;2443;1.0
2025-08-04;maandag;True;8;6.8;6.8;0.5;6987;1.077
2025-08-05;dinsdag;True;8;6.6;6.8;0.2;6326;1.037
2025-08-06;woensdag;True;8;6.9;6.9;0.6;9776;1.095
2025-08-07;donderdag;True;8;6.8;6.9;0.4;9352;1.066
2025-08-08;vrijdag;True;8;6.6;6.6;0.3;8171;1.047
2025-08-09;zaterdag;False;8;6.4;6.4;0.0;4717;1.005
2025-08-10;zondag;False;8;6.3;6.3;0.0;2444;1.001
2025-08-11;maandag;True;8;7.0;7.0;0.6;9726;1.102
2025-08-12;dinsdag;True;8;6.5;6.7;0.2;8730;1.032
2025-08-13;woensdag;True;8;7.0;7.0;0.6;9880;1.102
2025-08-14;donderdag;True;8;6.3;6.7;0.0;8143;1.002
2025-08-15;vrijdag;True;8;6.4;6.4;0.0;4364;1.004
2025-08-16;zaterdag;False;8;6.3;6.4;0.0;3820;1.002
2025-08-17;zondag;False;8;6.3;6.3;0.0;2664;1.001
2025-08-18;maandag;True;8;6.7;6.7;0.4;8999;1.059
2025-08-19;dinsdag;True;8;6.7;6.7;0.4;9063;1.061
2025-08-20;woensdag;True;8;6.7;6.8;0.4;9130;1.063
2025-08-21;donderdag;True;8;6.8;6.8;0.4;9189;1.067
2025-08-22;vrijdag;True;8;6.6;6.6;0.3;7047;1.041
2025-08-23;zaterdag;False;8;6.4;6.4;0.0;4387;1.004
2025-08-24;zondag;False;8;6.3;6.3;0.0;2776;1.001
2025-08-25;maandag;True;8;6.9;6.9;0.5;9588;1.087
2025-08-26;dinsdag;True;8;6.8;6.8;0.5;8413;1.074
2025-08-27;woensdag;True;8;6.8;6.8;0.4;9191;1.067
2025-08-28;donderdag;True;8;5.6;6.4;-0.7;8505;0.892
2025-08-29;vrijdag;True;8;6.3;6.5;-0.0;6773;0.997
2025-08-30;zaterdag;False;8;6.4;6.4;0.0;4879;1.006
2025-08-31;zondag;False;8;5.3;6.0;-1.1;2218;0.834
2025-09-01;maandag;True;9;6.8;6.8;0.4;9164;1.069
2025-09-02;dinsdag;True;9;6.7;6.7;0.4;8716;1.058
2025-09-03;woensdag;True;9;6.2;6.4;-0.1;6039;0.977
2025-09-04;donderdag;True;9;6.6;6.6;0.3;8434;1.043
2025-09-05;vrijdag;True;9;6.8;6.9;0.5;8132;1.08
2025-09-06;zaterdag;False;9;6.4;6.4;0.0;4884;1.006
2025-09-07;zondag;False;9;6.3;6.3;0.0;2759;1.001
2025-09-08;maandag;True;9;6.7;6.7;0.3;8877;1.054
2025-09-09;dinsdag;True;9;2.9;3.8;-3.5;3511;0.451
2025-09-10;woensdag;True;9;6.6;6.6;0.3;8266;1.044
2025-09-11;donderdag;True;9;6.7;6.7;0.3;8728;1.051
2025-09-12;vrijdag;True;9;6.1;6.1;-0.2;7578;0.964
2025-09-13;zaterdag;False;9;6.4;6.4;0.0;4771;1.005
2025-09-14;zondag;False;9;6.3;6.3;0.0;3243;1.001
2025-09-15;maandag;True;9;3.3;3.6;-3.0;4054;0.525
2025-09-16;dinsdag;True;9;6.6;6.6;0.3;8513;1.045
2025-09-17;woensdag;True;9;6.7;6.7;0.4;9208;1.061
2025-09-18;donderdag;True;9;6.7;6.7;0.3;8878;1.054
2025-09-19;vrijdag;True;9;6.8;6.8;0.4;9154;1.069
2025-09-20;zaterdag;False;9;6.4;6.4;0.0;4240;1.006
2025-09-21;zondag;False;9;6.0;6.2;-0.3;2511;0.952
2025-09-22;maandag;True;9;6.7;6.7;0.3;8835;1.055
2025-09-23;dinsdag;True;9;6.7;6.7;0.3;8738;1.05
2025-09-24;woensdag;True;9;5.6;6.4;-0.7;8186;0.885
2025-09-25;donderdag;True;9;6.7;6.7;0.4;9001;1.058
2025-09-26;vrijdag;True;9;6.8;6.8;0.5;9420;1.075
2025-09-27;zaterdag;False;9;6.4;6.4;0.0;4735;1.004
2025-09-28;zondag;False;9;5.3;6.0;-1.0;3089;0.835
2025-09-29;maandag;True;9;6.6;6.7;0.3;8745;1.049
2025-09-30;dinsdag;True;9;6.9;6.9;0.5;9399;1.084
2025-10-01;woensdag;True;10;6.6;6.6;0.3;6887;1.042
2025-10-02;donderdag;True;10;6.7;6.8;0.4;9246;1.064
2025-10-03;vrijdag;True;10;6.8;6.8;0.5;9309;1.077
2025-10-04;zaterdag;False;10;5.9;6.2;-0.4;3897;0.938
2025-10-05;zondag;False;10;6.3;6.3;0.0;2550;1.001
2025-10-06;maandag;True;10;6.6;6.6;0.3;8647;1.047
2025-10-07;dinsdag;True;10;5.5;6.3;-0.9;7346;0.864
2025-10-08;woensdag;True;10;6.6;6.7;0.3;8805;1.05
2025-10-09;donderdag;True;10;6.6;6.6;0.3;7484;1.047
2025-10-10;vrijdag;True;10;6.9;6.9;0.5;9512;1.085
2025-10-11;zaterdag;False;10;6.4;6.4;0.0;5213;1.007
2025-10-12;zondag;False;10;6.3;6.3;0.0;2642;1.0
2025-10-13;maandag;True;10;6.6;6.7;0.3;8606;1.048
2025-10-14;dinsdag;True;10;6.3;6.6;0.0;8199;1.002
2025-10-15;woensdag;True;10;6.8;7.0;0.5;8550;1.071
2025-10-16;donderdag;True;10;6.7;6.7;0.4;8955;1.057
2025-10-17;vrijdag;True;10;6.8;6.8;0.4;9368;1.071
2025-10-18;zaterdag;False;10;5.0;5.5;-1.3;4323;0.79
2025-10-19;zondag;False;10;6.3;6.3;0.0;2768;1.001
2025-10-20;maandag;True;10;6.7;6.7;0.3;8181;1.05
2025-10-21;dinsdag;True;10;6.6;6.7;0.3;6322;1.049
2025-10-22;woensdag;True;10;5.6;6.4;-0.7;8304;0.883
2025-10-23;donderdag;True;10;6.7;6.7;0.4;8995;1.056
2025-10-24;vrijdag;True;10;6.5;6.5;0.2;6025;1.024
2025-10-25;zaterdag;False;10;6.4;6.4;0.0;4724;1.005
2025-10-26;zondag;False;10;6.3;6.3;0.0;2888;1.001
2025-10-27;maandag;True;10;6.5;6.6;0.1;8632;1.02
2025-10-28;dinsdag;True;10;6.7;6.8;0.4;9160;1.061
2025-10-29;woensdag;True;10;6.8;6.8;0.5;9367;1.072
2025-10-30;donderdag;True;10;6.8;6.8;0.5;9439;1.077
2025-10-31;vrijdag;True;10;6.6;6.6;0.3;8108;1.045
2025-11-01;zaterdag;False;11;6.3;6.3;0.0;3499;1.002
2025-11-02;zondag;False;11;6.3;6.3;0.0;2179;1.0
2025-11-03;maandag;True;11;6.6;6.6;0.3;8470;1.048
2025-11-04;dinsdag;True;11;6.6;6.7;0.3;8606;1.047
2025-11-05;woensdag;True;11;6.7;6.7;0.4;9134;1.062
2025-11-06;donderdag;True;11;6.6;6.6;0.3;8721;1.046
2025-11-07;vrijdag;True;11;6.5;6.7;0.2;8775;1.028
2025-11-08;zaterdag;False;11;6.4;6.4;0.1;5380;1.009
2025-11-09;zondag;False;11;6.3;6.3;0.0;2532;1.0
2025-11-10;maandag;True;11;6.4;6.4;0.1;6004;1.013
2025-11-11;dinsdag;True;11;6.3;6.3;0.0;3083;1.001
2025-11-12;woensdag;True;11;6.3;6.5;-0.0;7555;0.994
2025-11-13;donderdag;True;11;6.7;6.7;0.3;7638;1.052
2025-11-14;vrijdag;True;11;6.8;6.8;0.5;9211;1.071
2025-11-15;zaterdag;False;11;6.4;6.4;0.0;4753;1.005
2025-11-16;zondag;False;11;6.3;6.3;0.0;2498;1.0
2025-11-17;maandag;True;11;6.7;6.7;0.3;8853;1.053
2025-11-18;dinsdag;True;11;6.5;6.5;0.2;7225;1.026
2025-11-19;woensdag;True;11;5.4;6.1;-1.0;5710;0.845
2025-11-20;donderdag;True;11;5.2;6.2;-1.1;8119;0.822
2025-11-21;vrijdag;True;11;5.7;6.4;-0.7;8388;0.894
2025-11-22;zaterdag;False;11;6.4;6.4;0.0;4739;1.005
2025-11-23;zondag;False;11;6.3;6.3;0.0;1999;1.0
2025-11-24;maandag;True;11;6.6;6.6;0.3;8507;1.045
2025-11-25;dinsdag;True;11;6.6;6.6;0.3;8458;1.045
2025-11-26;woensdag;True;11;6.7;6.7;0.3;8902;1.054
2025-11-27;donderdag;True;11;6.7;6.7;0.4;9045;1.058
2025-11-28;vrijdag;True;11;5.7;6.5;-0.6;8702;0.904
2025-11-29;zaterdag;False;11;6.4;6.4;0.0;4740;1.005
2025-11-30;zondag;False;11;6.3;6.3;0.0;2484;1.0
2025-12-01;maandag;True;12;6.7;6.7;0.4;9024;1.057
2025-12-02;dinsdag;True;12;6.7;6.8;0.4;8985;1.062
2025-12-03;woensdag;True;12;6.4;6.6;0.1;8384;1.011
2025-12-04;donderdag;True;12;6.7;6.7;0.3;8808;1.055
2025-12-05;vrijdag;True;12;4.5;4.6;-1.8;7782;0.718
2025-12-06;zaterdag;False;12;5.3;6.0;-1.0;3896;0.836
2025-12-07;zondag;False;12;6.3;6.3;0.0;2007;1.0
2025-12-08;maandag;True;12;6.7;6.7;0.3;8814;1.054
2025-12-09;dinsdag;True;12;6.6;6.6;0.3;8410;1.044
2025-12-10;woensdag;True;12;6.7;6.7;0.4;9070;1.059
2025-12-11;donderdag;True;12;6.7;6.7;0.4;9236;1.06
2025-12-12;vrijdag;True;12;4.6;4.6;-1.8;7928;0.719
2025-12-13;zaterdag;False;12;5.3;6.0;-1.0;4310;0.838
2025-12-14;zondag;False;12;6.3;6.3;0.0;2392;1.0
2025-12-15;maandag;True;12;6.7;6.7;0.4;7720;1.057
2025-12-16;dinsdag;True;12;6.7;6.7;0.3;8824;1.053
2025-12-17;woensdag;True;12;6.3;6.6;-0.0;8124;1.0
2025-12-18;donderdag;True;12;6.8;6.8;0.4;9437;1.069
2025-12-19;vrijdag;True;12;6.8;6.8;0.5;9177;1.077
2025-12-20;zaterdag;False;12;6.4;6.4;0.1;5208;1.008
2025-12-21;zondag;False;12;6.3;6.3;0.0;2341;1.0
2025-12-22;maandag;True;12;6.7;6.7;0.3;8417;1.052
2025-12-23;dinsdag;True;12;6.6;6.6;0.2;7689;1.036
2025-12-24;woensdag;True;12;6.4;6.4;0.0;5034;1.007
2025-12-25;donderdag;True;12;6.3;6.3;0.0;936;1.0
2025-12-26;vrijdag;True;12;6.3;6.3;0.0;3556;1.002
2025-12-27;zaterdag;False;12;6.3;6.3;0.0;2405;1.0
2025-12-28;zondag;False;12;6.3;6.3;0.0;1684;1.0
2025-12-29;maandag;True;12;6.4;6.4;0.1;5852;1.012
2025-12-30;dinsdag;True;12;6.4;6.4;0.1;5468;1.009
2025-12-31;woensdag;True;12;6.3;6.3;0.0;3762;1.002
