date,drukte_voertuigen,geschatte_reistijd_min,geschatte_reistijd_tunnelkalibratie_min
2025-01-01,455.5,60.0,60.0
2025-01-02,3768.0,89.0,89.0
2025-01-03,3766.0,88.9,88.9
2025-01-04,1651.0,61.6,61.6
2025-01-05,777.5,60.0,60.0
2025-01-06,6236.0,120.0,120.0
2025-01-07,6240.5,120.0,120.0
2025-01-08,6048.5,118.4,118.4
2025-01-09,5481.5,111.1,111.1
2025-01-10,5849.5,115.8,115.8
2025-01-11,2068.5,67.0,67.0
2025-01-12,959.5,60.0,60.0
2025-01-13,6093.5,119.0,119.0
2025-01-14,5686.5,113.7,113.7
2025-01-15,5502.5,111.4,111.4
2025-01-16,5566.0,112.2,112.2
2025-01-17,5976.0,117.5,117.5
2025-01-18,2463.5,72.1,72.1
2025-01-19,1158.0,60.0,60.0
2025-01-20,6143.0,119.6,119.6
2025-01-21,5758.5,114.7,114.7
2025-01-22,5988.5,117.6,117.6
2025-01-23,6090.5,119.0,119.0
2025-01-24,5291.5,108.6,108.6
2025-01-25,2489.5,72.5,72.5
2025-01-26,1314.5,60.0,60.0
2025-01-27,5983.0,117.6,117.6
2025-01-28,6149.5,119.7,119.7
2025-01-29,6283.0,120.0,120.0
2025-01-30,6134.5,119.5,119.5
2025-01-31,6071.5,118.7,118.7
2025-02-01,2615.5,74.1,74.1
2025-02-02,1360.5,60.0,60.0
2025-02-03,6078.5,118.8,118.8
2025-02-04,5697.0,113.9,113.9
2025-02-05,6171.5,120.0,120.0
2025-02-06,6133.5,119.5,119.5
2025-02-07,6100.5,119.1,119.1
2025-02-08,2573.0,73.5,73.5
2025-02-09,1315.5,60.0,60.0
2025-02-10,6190.5,120.0,120.0
2025-02-11,5177.0,107.2,107.2
2025-02-12,6183.0,120.0,120.0
2025-02-13,6284.5,120.0,120.0
2025-02-14,6175.5,120.0,120.0
2025-02-15,2512.0,72.7,72.7
2025-02-16,1274.5,60.0,60.0
2025-02-17,6282.0,120.0,120.0
2025-02-18,5846.5,115.8,115.8
2025-02-19,6290.5,120.0,120.0
2025-02-20,6297.0,120.0,120.0
2025-02-21,4991.5,104.8,104.8
2025-02-22,2753.0,75.9,75.9
2025-02-23,1499.0,60.0,60.0
2025-02-24,6148.5,119.7,119.7
2025-02-25,6209.5,120.0,120.0
2025-02-26,5627.5,113.0,113.0
2025-02-27,6361.5,120.0,120.0
2025-02-28,6256.0,120.0,120.0
2025-03-01,2666.0,74.7,74.7
2025-03-02,1271.0,60.0,60.0
2025-03-03,6132.0,119.5,119.5
2025-03-04,6149.5,119.7,119.7
2025-03-05,5880.0,116.2,116.2
2025-03-06,6269.0,120.0,120.0
2025-03-07,5684.5,113.7,113.7
2025-03-08,2729.5,75.6,75.6
2025-03-09,1335.5,60.0,60.0
2025-03-10,6296.5,120.0,120.0
2025-03-11,6275.5,120.0,120.0
2025-03-12,4003.0,92.0,92.0
2025-03-13,6310.5,120.0,120.0
2025-03-14,6266.0,120.0,120.0
2025-03-15,2775.5,76.2,76.2
2025-03-16,1444.0,60.0,60.0
2025-03-17,6252.5,120.0,120.0
2025-03-18,6015.5,118.0,118.0
2025-03-19,6260.0,120.0,120.0
2025-03-20,6398.5,120.0,120.0
2025-03-21,6339.5,120.0,120.0
2025-03-22,2867.0,77.3,77.3
2025-03-23,1479.0,60.0,60.0
2025-03-24,5915.5,116.7,116.7
2025-03-25,6171.5,120.0,120.0
2025-03-26,6385.0,120.0,120.0
2025-03-27,5972.5,117.4,117.4
2025-03-28,6347.0,120.0,120.0
2025-03-29,3027.0,79.4,79.4
2025-03-30,1457.0,60.0,60.0
2025-03-31,5997.0,117.7,117.7
2025-04-01,6046.0,118.4,118.4
2025-04-02,6309.5,120.0,120.0
2025-04-03,6221.0,120.0,120.0
2025-04-04,6094.0,119.0,119.0
2025-04-05,3196.0,81.6,81.6
2025-04-06,1682.0,62.0,62.0
2025-04-07,6029.0,118.2,118.2
2025-04-08,5613.5,112.8,112.8
2025-04-09,6050.0,118.4,118.4
2025-04-10,6171.5,120.0,120.0
2025-04-11,5639.5,113.1,113.1
2025-04-12,3195.0,81.6,81.6
2025-04-13,1494.0,60.0,60.0
2025-04-14,6193.0,120.0,120.0
2025-04-15,5006.5,105.0,105.0
2025-04-16,6125.5,119.4,119.4
2025-04-17,5936.5,117.0,117.0
2025-04-18,5122.0,106.4,106.4
2025-04-19,2762.5,76.0,76.0
2025-04-20,1230.5,60.0,60.0
2025-04-21,1501.0,60.0,60.0
2025-04-22,6362.0,120.0,120.0
2025-04-23,6350.5,120.0,120.0
2025-04-24,6051.5,118.5,118.5
2025-04-25,5161.5,107.0,107.0
2025-04-26,3215.5,81.8,81.8
2025-04-27,1697.0,62.2,62.2
2025-04-28,6266.0,120.0,120.0
2025-04-29,5771.0,114.8,114.8
2025-04-30,6136.0,119.5,119.5
2025-05-01,3129.0,80.7,80.7
2025-05-02,4231.0,94.9,94.9
2025-05-03,2825.0,76.8,76.8
2025-05-04,1584.5,60.8,60.8
2025-05-05,6217.5,120.0,120.0
2025-05-06,6193.5,120.0,120.0
2025-05-07,6234.0,120.0,120.0
2025-05-08,6002.5,117.8,117.8
2025-05-09,6095.0,119.0,119.0
2025-05-10,3050.5,79.7,79.7
2025-05-11,1553.5,60.4,60.4
2025-05-12,4304.5,95.9,95.9
2025-05-13,5257.0,108.2,108.2
2025-05-14,5065.0,105.7,105.7
2025-05-15,6087.5,118.9,118.9
2025-05-16,6070.0,118.7,118.7
2025-05-17,3009.5,79.2,79.2
2025-05-18,1748.0,62.9,62.9
2025-05-19,5915.5,116.7,116.7
2025-05-20,5566.5,112.2,112.2
2025-05-21,6064.0,118.6,118.6
2025-05-22,6050.0,118.4,118.4
2025-05-23,6072.0,118.7,118.7
2025-05-24,3083.0,80.1,80.1
2025-05-25,1589.0,60.8,60.8
2025-05-26,5808.5,115.3,115.3
2025-05-27,5845.0,115.8,115.8
2025-05-28,5927.5,116.8,116.8
2025-05-29,2423.0,71.6,71.6
2025-05-30,3713.5,88.3,88.3
2025-05-31,2506.5,72.7,72.7
2025-06-01,1494.0,60.0,60.0
2025-06-02,5910.0,116.6,116.6
2025-06-03,5973.5,117.4,117.4
2025-06-04,5898.5,116.5,116.5
2025-06-05,6007.0,117.9,117.9
2025-06-06,5891.0,116.4,116.4
2025-06-07,2504.0,72.6,72.6
2025-06-08,1351.5,60.0,60.0
2025-06-09,1452.0,60.0,60.0
2025-06-10,6072.5,118.7,118.7
2025-06-11,6105.5,119.1,119.1
2025-06-12,6032.0,118.2,118.2
2025-06-13,5310.5,108.9,108.9
2025-06-14,2998.5,79.0,79.0
2025-06-15,1497.5,60.0,60.0
2025-06-16,5818.5,115.4,115.4
2025-06-17,5924.5,116.8,116.8
2025-06-18,6063.0,118.6,118.6
2025-06-19,5843.0,115.8,115.8
2025-06-20,6099.5,119.1,119.1
2025-06-21,3018.5,79.3,79.3
2025-06-22,1600.5,61.0,61.0
2025-06-23,5734.5,114.4,114.4
2025-06-24,5208.0,107.6,107.6
2025-06-25,6159.0,119.8,119.8
2025-06-26,901.5,60.0,60.0
2025-06-27,5793.0,115.1,115.1
2025-06-28,2993.0,79.0,79.0
2025-06-29,1459.5,60.0,60.0
2025-06-30,4045.0,92.5,92.5
2025-07-01,4764.0,101.8,101.8
2025-07-02,4757.5,101.7,101.7
2025-07-03,5078.5,105.9,105.9
2025-07-04,4097.0,93.2,93.2
2025-07-05,2520.5,72.9,72.9
2025-07-06,1199.5,60.0,60.0
2025-07-07,3967.5,91.5,91.5
2025-07-08,4828.0,102.7,102.7
2025-07-09,5007.5,105.0,105.0
2025-07-10,3329.5,83.3,83.3
2025-07-11,3270.0,82.5,82.5
2025-07-12,2441.0,71.8,71.8
2025-07-13,1477.5,60.0,60.0
2025-07-14,5446.5,110.6,110.6
2025-07-15,5853.5,115.9,115.9
2025-07-16,5848.0,115.8,115.8
2025-07-17,6036.0,118.3,118.3
2025-07-18,4608.0,99.8,99.8
2025-07-19,2913.5,77.9,77.9
2025-07-20,1579.5,60.7,60.7
2025-07-21,1875.0,64.5,64.5
2025-07-22,5397.5,110.0,110.0
2025-07-23,5184.5,107.3,107.3
2025-07-24,5334.5,109.2,109.2
2025-07-25,4225.0,94.9,94.9
2025-07-26,2665.0,74.7,74.7
2025-07-27,1516.0,60.0,60.0
2025-07-28,5250.0,108.1,108.1
2025-07-29,5515.5,111.5,111.5
2025-07-30,5285.0,108.6,108.6
2025-07-31,5583.5,112.4,112.4
2025-08-01,4655.0,100.4,100.4
2025-08-02,2544.0,73.2,73.2
2025-08-03,1631.5,61.4,61.4
2025-08-04,5284.0,108.5,108.5
2025-08-05,5530.0,111.7,111.7
2025-08-06,6033.0,118.2,118.2
2025-08-07,6210.5,120.0,120.0
2025-08-08,5091.5,106.1,106.1
2025-08-09,2676.5,74.9,74.9
2025-08-10,1637.0,61.5,61.5
2025-08-11,6055.5,118.5,118.5
2025-08-12,5622.5,112.9,112.9
2025-08-13,6035.0,118.2,118.2
2025-08-14,5318.5,109.0,109.0
2025-08-15,2749.5,75.8,75.8
2025-08-16,2275.0,69.7,69.7
2025-08-17,1586.0,60.8,60.8
2025-08-18,5634.0,113.1,113.1
2025-08-19,5630.5,113.0,113.0
2025-08-20,5785.0,115.0,115.0
2025-08-21,5210.0,107.6,107.6
2025-08-22,5164.0,107.0,107.0
2025-08-23,2505.0,72.7,72.7
2025-08-24,1582.5,60.7,60.7
2025-08-25,5878.0,116.2,116.2
2025-08-26,5379.5,109.8,109.8
2025-08-27,5738.0,114.4,114.4
2025-08-28,5944.0,117.1,117.1
2025-08-29,5518.0,111.6,111.6
2025-08-30,2736.0,75.6,75.6
2025-08-31,1406.5,60.0,60.0
2025-09-01,5858.0,116.0,116.0
2025-09-02,6077.0,118.8,118.8
2025-09-03,5257.0,108.2,108.2
2025-09-04,4833.5,102.7,102.7
2025-09-05,5955.5,117.2,117.2
2025-09-06,2768.5,76.1,76.1
2025-09-07,1624.0,61.3,61.3
2025-09-08,5957.0,117.2,117.2
2025-09-09,4436.5,97.6,97.6
2025-09-10,5646.5,113.2,113.2
2025-09-11,5686.0,113.7,113.7
2025-09-12,5754.5,114.6,114.6
2025-09-13,2712.5,75.3,75.3
2025-09-14,1802.5,63.6,63.6
2025-09-15,4137.5,93.7,93.7
2025-09-16,5697.0,113.9,113.9
2025-09-17,5776.5,114.9,114.9
2025-09-18,5161.5,107.0,107.0
2025-09-19,5326.5,109.1,109.1
2025-09-20,2992.5,79.0,79.0
2025-09-21,1606.0,61.0,61.0
2025-09-22,5804.0,115.3,115.3
2025-09-23,5902.5,116.5,116.5
2025-09-24,5893.5,116.4,116.4
2025-09-25,5801.5,115.2,115.2
2025-09-26,5998.5,117.8,117.8
2025-09-27,2783.5,76.3,76.3
2025-09-28,1865.0,64.4,64.4
2025-09-29,5805.0,115.3,115.3
2025-09-30,4933.5,104.0,104.0
2025-10-01,4947.0,104.2,104.2
2025-10-02,5995.0,117.7,117.7
2025-10-03,5957.5,117.2,117.2
2025-10-04,2453.5,72.0,72.0
2025-10-05,1619.5,61.2,61.2
2025-10-06,5783.5,115.0,115.0
2025-10-07,4448.0,97.7,97.7
2025-10-08,5523.5,111.6,111.6
2025-10-09,5885.5,116.3,116.3
2025-10-10,6104.0,119.1,119.1
2025-10-11,2999.0,79.0,79.0
2025-10-12,1537.0,60.2,60.2
2025-10-13,5704.5,114.0,114.0
2025-10-14,5836.5,115.7,115.7
2025-10-15,4959.5,104.4,104.4
2025-10-16,5778.0,114.9,114.9
2025-10-17,5953.0,117.2,117.2
2025-10-18,3032.0,79.5,79.5
2025-10-19,1861.5,64.3,64.3
2025-10-20,5687.5,113.8,113.8
2025-10-21,5572.0,112.3,112.3
2025-10-22,5757.5,114.7,114.7
2025-10-23,5839.5,115.7,115.7
2025-10-24,4615.0,99.9,99.9
2025-10-25,2817.5,76.7,76.7
2025-10-26,1652.0,61.6,61.6
2025-10-27,5843.0,115.8,115.8
2025-10-28,5695.5,113.9,113.9
2025-10-29,5961.5,117.3,117.3
2025-10-30,5958.5,117.2,117.2
2025-10-31,5330.5,109.1,109.1
2025-11-01,2242.0,69.3,69.3
2025-11-02,1304.0,60.0,60.0
2025-11-03,5936.5,117.0,117.0
2025-11-04,5586.0,112.4,112.4
2025-11-05,6050.0,118.4,118.4
2025-11-06,5810.0,115.3,115.3
2025-11-07,6008.0,117.9,117.9
2025-11-08,3125.5,80.7,80.7
2025-11-09,1485.0,60.0,60.0
2025-11-10,3811.0,89.5,89.5
2025-11-11,1856.5,64.3,64.3
2025-11-12,5211.5,107.6,107.6
2025-11-13,5782.5,115.0,115.0
2025-11-14,5976.5,117.5,117.5
2025-11-15,2795.5,76.4,76.4
2025-11-16,1516.5,60.0,60.0
2025-11-17,5734.0,114.4,114.4
2025-11-18,5088.0,106.0,106.0
2025-11-19,5025.5,105.2,105.2
2025-11-20,5726.5,114.3,114.3
2025-11-21,5797.5,115.2,115.2
2025-11-22,2779.0,76.2,76.2
2025-11-23,1194.0,60.0,60.0
2025-11-24,5554.0,112.0,112.0
2025-11-25,5433.0,110.5,110.5
2025-11-26,5672.0,113.6,113.6
2025-11-27,5903.0,116.5,116.5
2025-11-28,5998.5,117.8,117.8
2025-11-29,2988.0,78.9,78.9
2025-11-30,1737.0,62.7,62.7
2025-12-01,5612.5,112.8,112.8
2025-12-02,5613.0,112.8,112.8
2025-12-03,5854.5,115.9,115.9
2025-12-04,5699.5,113.9,113.9
2025-12-05,5793.5,115.1,115.1
2025-12-06,2521.0,72.9,72.9
2025-12-07,1165.0,60.0,60.0
2025-12-08,5600.5,112.6,112.6
2025-12-09,5325.5,109.1,109.1
2025-12-10,5924.5,116.8,116.8
2025-12-11,6025.5,118.1,118.1
2025-12-12,5965.5,117.3,117.3
2025-12-13,2740.0,75.7,75.7
2025-12-14,1275.0,60.0,60.0
2025-12-15,5771.5,114.8,114.8
2025-12-16,5844.5,115.8,115.8
2025-12-17,5895.0,116.4,116.4
2025-12-18,6196.5,120.0,120.0
2025-12-19,5797.0,115.2,115.2
2025-12-20,3034.5,79.5,79.5
2025-12-21,1361.5,60.0,60.0
2025-12-22,5169.0,107.1,107.1
2025-12-23,4752.5,101.7,101.7
2025-12-24,3084.5,80.1,80.1
2025-12-25,538.5,60.0,60.0
2025-12-26,2135.5,67.9,67.9
2025-12-27,1487.0,60.0,60.0
2025-12-28,967.0,60.0,60.0
2025-12-29,3421.0,84.5,84.5
2025-12-30,3364.5,83.8,83.8
2025-12-31,2440.0,71.8,71.8
